an,chinese
ang,chinese
ao,chinese
au,chinese
au yeung,chinese
ba,chinese
bai,chinese
ban,chinese
bao,chinese
bau,chinese
bi,chinese
bo,chinese
bu,chinese
cai,chinese
cao,chinese
cha,chinese
chai,chinese
cham,chinese
chan,chinese
chang,chinese
chao,chinese
chau,chinese
che,chinese
cheah,chinese
chee,chinese
chen,chinese
cheng,chinese
cheong,chinese
chern,chinese
cheung,chinese
chew,chinese
chi,chinese
chia,chinese
chiang,chinese
chiao,chinese
chien,chinese
chim,chinese
chin,chinese
ching,chinese
chiong,chinese
chiou,chinese
chiu,chinese
cho,chinese
choi,chinese
chong,chinese
choo,chinese
chou,chinese
chow,chinese
choy,chinese
chu,chinese
chua,chinese
chuang,chinese
chui,chinese
chun,chinese
chung,chinese
cong,chinese
cui,chinese
dai,chinese
dang,chinese
dea,chinese
deng,chinese
ding,chinese
do,chinese
dong,chinese
doo,chinese
du,chinese
duan,chinese
dung,chinese
eng,chinese
fan,chinese
fang,chinese
fei,chinese
feng,chinese
fok,chinese
fong,chinese
foo,chinese
fu,chinese
fung,chinese
gan,chinese
gang,chinese
gao,chinese
gau,chinese
ge,chinese
geng,chinese
go,chinese
goh,chinese
gong,chinese
gu,chinese
guan,chinese
guo,chinese
ha,chinese
hai,chinese
han,chinese
hang,chinese
hao,chinese
hau,chinese
he,chinese
ho,chinese
hoh,chinese
hom,chinese
hon,chinese
hong,chinese
hoo,chinese
hou,chinese
hsi,chinese
hsia,chinese
hsiao,chinese
hsieh,chinese
hsiung,chinese
hsu,chinese
hsueh,chinese
hu,chinese
hua,chinese
huang,chinese
hui,chinese
huie,chinese
hum,chinese
hung,chinese
huo,chinese
hwang,chinese
hy,chinese
ing,chinese
ip,chinese
jan,chinese
jang,chinese
jen,chinese
jeng,chinese
jeung,chinese
jew,chinese
jia,chinese
jian,chinese
jiang,chinese
jiao,chinese
jim,chinese
jin,chinese
jing,chinese
jo,chinese
joe,chinese
jong,chinese
joo,chinese
jou,chinese
jow,chinese
ju,chinese
jue,chinese
jung,chinese
kam,chinese
kan,chinese
kang,chinese
kao,chinese
kau,chinese
ke,chinese
keng,chinese
kho,chinese
khoo,chinese
kiang,chinese
king,chinese
ko,chinese
koh,chinese
kong,chinese
koo,chinese
kook,chinese
kou,chinese
ku,chinese
kuan,chinese
kuang,chinese
kuk,chinese
kung,chinese
kuo,chinese
kwan,chinese
kwock,chinese
kwok,chinese
kwon,chinese
kwong,chinese
lai,chinese
lam,chinese
lan,chinese
lang,chinese
lao,chinese
lau,chinese
lee,chinese
lei,chinese
leng,chinese
leong,chinese
leung,chinese
lew,chinese
li,chinese
lian,chinese
liang,chinese
liao,chinese
liaw,chinese
lien,chinese
liew,chinese
lim,chinese
lin,chinese
ling,chinese
liou,chinese
liu,chinese
lo,chinese
loh,chinese
lok,chinese
long,chinese
loo,chinese
lou,chinese
louie,chinese
lu,chinese
lua,chinese
lui,chinese
luk,chinese
lum,chinese
lung,chinese
luo,chinese
ma,chinese
mah,chinese
mai,chinese
mak,chinese
man,chinese
mao,chinese
mar,chinese
mau,chinese
may,chinese
mei,chinese
meng,chinese
miao,chinese
min,chinese
ming,chinese
miu,chinese
mo,chinese
mok,chinese
mon,chinese
mou,chinese
moy,chinese
mu,chinese
mui,chinese
na,chinese
ng,chinese
ngai,chinese
ngan,chinese
ngo,chinese
ni,chinese
nie,chinese
ning,chinese
niu,chinese
on,chinese
ong,chinese
ou,chinese
ou yang,chinese
ow,chinese
owyang,chinese
pan,chinese
pang,chinese
pao,chinese
pau,chinese
pei,chinese
peng,chinese
pi,chinese
ping,chinese
po,chinese
pon,chinese
pong,chinese
poon,chinese
pu,chinese
pun,chinese
qi,chinese
qian,chinese
qiao,chinese
qin,chinese
qiu,chinese
qu,chinese
quan,chinese
que,chinese
rao,chinese
ren,chinese
rong,chinese
ruan,chinese
sam,chinese
san,chinese
sang,chinese
seto,chinese
sha,chinese
sham,chinese
shan,chinese
shang,chinese
shao,chinese
shaw,chinese
shek,chinese
shen,chinese
sheng,chinese
sheu,chinese
shi,chinese
shiau,chinese
shieh,chinese
shih,chinese
shing,chinese
shiu,chinese
shu,chinese
shum,chinese
shy,chinese
shyu,chinese
si,chinese
sieh,chinese
sin,chinese
sing,chinese
sit,chinese
situ,chinese
siu,chinese
so,chinese
soh,chinese
song,chinese
soo,chinese
soo hoo,chinese
soon,chinese
soong,chinese
su,chinese
suen,chinese
sui,chinese
sum,chinese
sun,chinese
sung,chinese
sze,chinese
szeto,chinese
tai,chinese
tam,chinese
tan,chinese
tang,chinese
tao,chinese
tay,chinese
te,chinese
teh,chinese
teng,chinese
teo,chinese
tian,chinese
tien,chinese
tin,chinese
ting,chinese
tiu,chinese
to,chinese
toh,chinese
tom,chinese
tong,chinese
tsai,chinese
tsang,chinese
tsao,chinese
tsay,chinese
tse,chinese
tseng,chinese
tso,chinese
tsoi,chinese
tsou,chinese
tsu,chinese
tsui,chinese
tu,chinese
tuan,chinese
tung,chinese
tzeng,chinese
u,chinese
un,chinese
ung,chinese
wah,chinese
wai,chinese
wan,chinese
wang,chinese
wee,chinese
wei,chinese
wen,chinese
weng,chinese
wing,chinese
wong,chinese
woo,chinese
woon,chinese
wu,chinese
xi,chinese
xia,chinese
xiang,chinese
xiao,chinese
xie,chinese
xin,chinese
xing,chinese
xiong,chinese
xu,chinese
xue,chinese
yam,chinese
yan,chinese
yang,chinese
yao,chinese
yap,chinese
yau,chinese
yaw,chinese
ye,chinese
yee,chinese
yeh,chinese
yen,chinese
yep,chinese
yeung,chinese
yi,chinese
yim,chinese
yin,chinese
ying,chinese
yip,chinese
yiu,chinese
yong,chinese
yoon,chinese
you,chinese
young,chinese
yu,chinese
yuan,chinese
yue,chinese
yuen,chinese
yun,chinese
yung,chinese
zang,chinese
zeng,chinese
zha,chinese
zhan,chinese
zhang,chinese
zhao,chinese
zhen,chinese
zheng,chinese
zhong,chinese
zhou,chinese
zhu,chinese
zhuang,chinese
zhuo,chinese
zong,chinese
zou,chinese
abe,japanese
adachi,japanese
akagi,japanese
akamine,japanese
aki,japanese
akiyama,japanese
amano,japanese
amari,japanese
amaya,japanese
ando,japanese
anno,japanese
anzai,japanese
aoki,japanese
aoyama,japanese
arai,japanese
arakaki,japanese
arakawa,japanese
araki,japanese
arata,japanese
araya,japanese
arima,japanese
arita,japanese
asa,japanese
asai,japanese
asano,japanese
asato,japanese
ashikaga,japanese
azuma,japanese
baba,japanese
ban,japanese
bando,japanese
chiba,japanese
chinen,japanese
chino,japanese
date,japanese
doi,japanese
domen,japanese
eguchi,japanese
endo,japanese
enomoto,japanese
eto,japanese
fujii,japanese
fujikawa,japanese
fujimori,japanese
fujimoto,japanese
fujimura,japanese
fujino,japanese
fujioka,japanese
fujita,japanese
fujiwara,japanese
fukuda,japanese
fukuhara,japanese
fukui,japanese
fukumoto,japanese
fukunaga,japanese
fukushima,japanese
funai,japanese
furukawa,japanese
furuta,japanese
furutani,japanese
furuya,japanese
fuse,japanese
gima,japanese
go,japanese
goda,japanese
goto,japanese
goya,japanese
hada,japanese
haga,japanese
hagiwara,japanese
hamada,japanese
hamamoto,japanese
hamasaki,japanese
handa,japanese
hano,japanese
hara,japanese
harada,japanese
hase,japanese
hasegawa,japanese
hashimoto,japanese
hata,japanese
hatanaka,japanese
hattori,japanese
hayakawa,japanese
hayashi,japanese
hayashida,japanese
higa,japanese
higashi,japanese
higuchi,japanese
hino,japanese
hirabayashi,japanese
hirai,japanese
hirano,japanese
hiraoka,japanese
hirata,japanese
hirayama,japanese
hironaka,japanese
hirose,japanese
hirota,japanese
hoga,japanese
hokama,japanese
honda,japanese
hora,japanese
hori,japanese
horie,japanese
horiuchi,japanese
hoshino,japanese
ichikawa,japanese
ida,japanese
ide,japanese
igarashi,japanese
ige,japanese
iha,japanese
iida,japanese
ike,japanese
ikeda,japanese
ikehara,japanese
imada,japanese
imai,japanese
imamura,japanese
inaba,japanese
inouye,japanese
isa,japanese
iseri,japanese
ishibashi,japanese
ishida,japanese
ishihara,japanese
ishii,japanese
ishikawa,japanese
ishimoto,japanese
isobe,japanese
ito,japanese
itoh,japanese
iwai,japanese
iwamoto,japanese
iwasaki,japanese
iwata,japanese
izumi,japanese
jin,japanese
jo,japanese
juba,japanese
kaba,japanese
kagawa,japanese
kai,japanese
kajiwara,japanese
kamei,japanese
kamiya,japanese
kanai,japanese
kanda,japanese
kaneko,japanese
kanemoto,japanese
kaneshiro,japanese
kanno,japanese
kano,japanese
kasai,japanese
kase,japanese
kataoka,japanese
katayama,japanese
kato,japanese
kawabata,japanese
kawaguchi,japanese
kawahara,japanese
kawai,japanese
kawakami,japanese
kawamoto,japanese
kawamura,japanese
kawano,japanese
kawasaki,japanese
kawashima,japanese
kawata,japanese
kaya,japanese
kibe,japanese
kida,japanese
kido,japanese
kikuchi,japanese
kimoto,japanese
kimura,japanese
kinoshita,japanese
kishi,japanese
kishimoto,japanese
kita,japanese
kitagawa,japanese
kitamura,japanese
kiyabu,japanese
kobashigawa,japanese
kobayashi,japanese
kobe,japanese
koda,japanese
kodama,japanese
koga,japanese
koike,japanese
koizumi,japanese
kojima,japanese
komatsu,japanese
kon,japanese
konda,japanese
kondo,japanese
konishi,japanese
konno,japanese
kono,japanese
konya,japanese
koyama,japanese
koyanagi,japanese
kuba,japanese
kubo,japanese
kubota,japanese
kudo,japanese
kumagai,japanese
kuno,japanese
kuramoto,japanese
kurata,japanese
kure,japanese
kurihara,japanese
kuroda,japanese
kurokawa,japanese
kuse,japanese
kusumoto,japanese
kuwahara,japanese
machi,japanese
machida,japanese
mae,japanese
maeda,japanese
maekawa,japanese
maita,japanese
maki,japanese
makino,japanese
mano,japanese
maruyama,japanese
masaki,japanese
mase,japanese
masuda,japanese
matsubara,japanese
matsuda,japanese
matsui,japanese
matsumoto,japanese
matsumura,japanese
matsunaga,japanese
matsuno,japanese
matsuo,japanese
matsuoka,japanese
matsushima,japanese
matsushita,japanese
matsuura,japanese
matsuyama,japanese
matsuzaki,japanese
mayeda,japanese
mihara,japanese
mikami,japanese
miki,japanese
minami,japanese
minamoto,japanese
mino,japanese
mita,japanese
miura,japanese
miya,japanese
miyagawa,japanese
miyahara,japanese
miyahira,japanese
miyake,japanese
miyamoto,japanese
miyasaki,japanese
miyasato,japanese
miyashiro,japanese
miyashita,japanese
miyata,japanese
miyazaki,japanese
miyoshi,japanese
mizuno,japanese
mochizuki,japanese
mori,japanese
morikawa,japanese
morimoto,japanese
morine,japanese
morino,japanese
morioka,japanese
morishige,japanese
morishita,japanese
morita,japanese
moriyama,japanese
mukai,japanese
mura,japanese
murai,japanese
murakami,japanese
muramoto,japanese
muranaka,japanese
murano,japanese
muraoka,japanese
murata,japanese
murayama,japanese
muto,japanese
nagai,japanese
nagamine,japanese
nagano,japanese
nagao,japanese
nagasawa,japanese
nagata,japanese
naito,japanese
nakada,japanese
nakagawa,japanese
nakahara,japanese
nakai,japanese
nakajima,japanese
nakama,japanese
nakamoto,japanese
nakamura,japanese
nakanishi,japanese
nakano,japanese
nakao,japanese
nakashima,japanese
nakasone,japanese
nakata,japanese
nakatani,japanese
nakatomi,japanese
nakayama,japanese
nakazawa,japanese
namba,japanese
nii,japanese
nishi,japanese
nishida,japanese
nishihara,japanese
nishikawa,japanese
nishimoto,japanese
nishimura,japanese
nishioka,japanese
nishiyama,japanese
nitta,japanese
niwa,japanese
no,japanese
noda,japanese
noguchi,japanese
nomura,japanese
nonaka,japanese
noya,japanese
oba,japanese
obara,japanese
obi,japanese
oda,japanese
oe,japanese
ogasawara,japanese
ogata,japanese
ogawa,japanese
ogino,japanese
ogura,japanese
oh,japanese
ohara,japanese
ohashi,japanese
ohta,japanese
oishi,japanese
oka,japanese
okabe,japanese
okada,japanese
okamoto,japanese
okamura,japanese
okane,japanese
okano,japanese
okawa,japanese
okazaki,japanese
oki,japanese
okimoto,japanese
okino,japanese
okita,japanese
okubo,japanese
okuda,japanese
okuma,japanese
okumura,japanese
okura,japanese
omori,japanese
omura,japanese
onaga,japanese
onishi,japanese
ono,japanese
orio,japanese
osada,japanese
osaki,japanese
ose,japanese
oshima,japanese
oshiro,japanese
oshita,japanese
ota,japanese
otake,japanese
otani,japanese
otsuka,japanese
ouchi,japanese
oyama,japanese
oye,japanese
ozaki,japanese
ozawa,japanese
sada,japanese
sadow,japanese
saeki,japanese
saiki,japanese
saito,japanese
sakaguchi,japanese
sakai,japanese
sakamoto,japanese
sakata,japanese
sako,japanese
sakuma,japanese
sakurai,japanese
sama,japanese
sanda,japanese
sando,japanese
sano,japanese
sasaki,japanese
sato,japanese
satow,japanese
sawa,japanese
sawada,japanese
sawaya,japanese
sazama,japanese
seki,japanese
sekiguchi,japanese
seno,japanese
seo,japanese
sera,japanese
seta,japanese
seto,japanese
shiba,japanese
shibata,japanese
shibuya,japanese
shima,japanese
shimabukuro,japanese
shimada,japanese
shimamoto,japanese
shimizu,japanese
shimoda,japanese
shimomura,japanese
shinohara,japanese
shinsato,japanese
shintani,japanese
shirai,japanese
shiraishi,japanese
shiraki,japanese
shiro,japanese
shiroma,japanese
shishido,japanese
shoda,japanese
shoji,japanese
soda,japanese
soga,japanese
soma,japanese
sone,japanese
sonoda,japanese
suda,japanese
sugai,japanese
sugawara,japanese
sugihara,japanese
sugimoto,japanese
sugita,japanese
sugiyama,japanese
suko,japanese
sumida,japanese
sunada,japanese
suto,japanese
suzuki,japanese
tabata,japanese
tachibana,japanese
tada,japanese
tagawa,japanese
taguchi,japanese
tahara,japanese
taira,japanese
tajima,japanese
takagi,japanese
takahashi,japanese
takai,japanese
takaki,japanese
takamoto,japanese
takano,japanese
takara,japanese
takashima,japanese
takata,japanese
takayama,japanese
takeda,japanese
takei,japanese
takemoto,japanese
takenaka,japanese
takeshita,japanese
taketa,japanese
takeuchi,japanese
tamaki,japanese
tamanaha,japanese
tamashiro,japanese
tamura,japanese
tanabe,japanese
tanaka,japanese
tani,japanese
tanigawa,japanese
taniguchi,japanese
tanimoto,japanese
tanji,japanese
tano,japanese
tao,japanese
tashiro,japanese
tengan,japanese
terada,japanese
teramoto,japanese
teruya,japanese
teshima,japanese
tobe,japanese
toda,japanese
tokuda,japanese
tokunaga,japanese
toma,japanese
tominaga,japanese
tomita,japanese
tone,japanese
toyama,japanese
toyoda,japanese
tsuchida,japanese
tsuchiya,japanese
tsuda,japanese
tsuji,japanese
tsukamoto,japanese
tsutsui,japanese
tsutsumi,japanese
uchida,japanese
uchiyama,japanese
ueda,japanese
uehara,japanese
uemura,japanese
ueno,japanese
umeda,japanese
umemoto,japanese
uno,japanese
usui,japanese
uyeda,japanese
uyehara,japanese
uyemura,japanese
uyeno,japanese
wada,japanese
wakabayashi,japanese
watanabe,japanese
yagi,japanese
yamada,japanese
yamagata,japanese
yamaguchi,japanese
yamakawa,japanese
yamamoto,japanese
yamamura,japanese
yamanaka,japanese
yamane,japanese
yamaoka,japanese
yamasaki,japanese
yamashiro,japanese
yamashita,japanese
yamauchi,japanese
yamazaki,japanese
yanagi,japanese
yano,japanese
yasuda,japanese
yasui,japanese
yasutake,japanese
yogi,japanese
yokota,japanese
yokoyama,japanese
yonamine,japanese
yoneda,japanese
yoshida,japanese
yoshihara,japanese
yoshikawa,japanese
yoshimoto,japanese
yoshimura,japanese
yoshinaga,japanese
yoshino,japanese
yoshioka,japanese
au,vietnamese
ba,vietnamese
banh,vietnamese
bi,vietnamese
bien,vietnamese
bo,vietnamese
bui,vietnamese
cam,vietnamese
can,vietnamese
cao,vietnamese
chan,vietnamese
chau,vietnamese
che,vietnamese
chiem,vietnamese
chuong,vietnamese
co,vietnamese
cong,vietnamese
dai,vietnamese
dam,vietnamese
dan,vietnamese
dang,vietnamese
danh,vietnamese
dao,vietnamese
dau,vietnamese
diep,vietnamese
dieu,vietnamese
dinh,vietnamese
dinn,vietnamese
do,vietnamese
doan,vietnamese
don,vietnamese
dong,vietnamese
du,vietnamese
dung,vietnamese
duong,vietnamese
giang,vietnamese
ha,vietnamese
hai,vietnamese
hang,vietnamese
hau,vietnamese
ho,vietnamese
hoang,vietnamese
hua,vietnamese
hue,vietnamese
huynh,vietnamese
hy,vietnamese
kha,vietnamese
khong,vietnamese
khuu,vietnamese
kien,vietnamese
kieu,vietnamese
ky,vietnamese
la,vietnamese
lac,vietnamese
lai,vietnamese
lam,vietnamese
lang,vietnamese
lavan,vietnamese
le,vietnamese
lien,vietnamese
lieu,vietnamese
lo,vietnamese
loi,vietnamese
luc,vietnamese
luong,vietnamese
luu,vietnamese
ly,vietnamese
mac,vietnamese
mach,vietnamese
mai,vietnamese
minh,vietnamese
nghiem,vietnamese
ngo,vietnamese
ngu,vietnamese
nguy,vietnamese
nguyen,vietnamese
nhan,vietnamese
nzuyen,vietnamese
on,vietnamese
ong,vietnamese
pham,vietnamese
phan,vietnamese
phang,vietnamese
pho,vietnamese
phong,vietnamese
phu,vietnamese
phung,vietnamese
phuong,vietnamese
quach,vietnamese
quang,vietnamese
su,vietnamese
ta,vietnamese
tang,vietnamese
tat,vietnamese
thach,vietnamese
thai,vietnamese
tham,vietnamese
than,vietnamese
thang,vietnamese
thanh,vietnamese
thi,vietnamese
thong,vietnamese
tian,vietnamese
tien,vietnamese
tieu,vietnamese
to,vietnamese
ton,vietnamese
trach,vietnamese
tram,vietnamese
tran,vietnamese
trang,vietnamese
tri,vietnamese
trieu,vietnamese
trinh,vietnamese
tron,vietnamese
troung,vietnamese
truong,vietnamese
tu,vietnamese
tuan,vietnamese
ty,vietnamese
van,vietnamese
vang,vietnamese
vien,vietnamese
vinh,vietnamese
vo,vietnamese
vong,vietnamese
voong,vietnamese
vu,vietnamese
vuong,vietnamese
pak,korean
pan,korean
pang,korean
pong,korean
pu,korean
pyon,korean
pyun,korean
quon,korean
ra,korean
ree,korean
reeh,korean
rhee,korean
rho,korean
rim,korean
ro,korean
roe,korean
roh,korean
ryu,korean
sa,korean
seo,korean
sheen,korean
shim,korean
shin,korean
shon,korean
sim,korean
sin,korean
so,korean
soh,korean
sohn,korean
sok,korean
son,korean
song,korean
suh,korean
suk,korean
sun,korean
sung,korean
sur,korean
tak,korean
tan,korean
tang,korean
to,korean
toh,korean
um,korean
wang,korean
whang,korean
won,korean
woo,korean
yang,korean
ye,korean
yee,korean
yeo,korean
yi,korean
yoh,korean
yon,korean
yong,korean
yoo,korean
yoon,korean
you,korean
youn,korean
yu,korean
yum,korean
yun,korean
